,points,points,points,points,points,points,points,points,points,points,points,points,points,points,points,points,points,points,points,points,points,points,points,points,points,points,points,points,points,points,points,points,points,points,points,points,points,points,points,points,points,points,points,points,points,points,points,points,points,points,points,points,points,points,points,points,points,points,points,points,points,points,points,points,points,points,points,points,points,points,points,points,points,points,points,points,points,points,points,points,points,points,points,points,points,points,points,points,points,points,points,points,points,points,points,points,points,points,points,points,points,points,points,points,points,points,points,points,points,points,points,points,points,points,points,points,points,points,points,points,points,points,points,points,points,points,points,points,points,points,points,points,points,points,points,points,points,points,points,points,points,points,points,points,points,points,points,points,points,points,points,points,points,points,points,points,points,points,points,points,points,points,points,points,points,points,points,points,points,points,points,points,points,points,points,points,points,points,points,points,points,points,points,points,points,points,points,points,points
names,12 솔져스,120BPM,1987,1급기밀,4등,50가지 그림자: 해방,7년의 밤,B급 며느리,강철비,게이트,곤지암,골든 슬럼버,골든슬럼버,굿 윌 헌팅,굿모닝 맨하탄,궁합,그 후,그것만이 내 세상,그날 본 꽃의 이름을 우리는 아직 모른다,"그날, 바다",그녀,그레이트 뷰티,극장판 마법소녀 마도카 마기카(신편): 반역의 이야기,극장판 소드 아트 온라인 -오디널 스케일-,극장판 포켓몬스터 너로 정했다!,꿈의 제인,"나, 다니엘 블레이크","나는 내일, 어제의 너와 만난다",나를 기억해,나미야 잡화점의 기적,내 사랑,너와 100번째 사랑,너의 이름은.,너의 췌장을 먹고 싶어,노 게임 노 라이프 -제로-,다가오는 것들,다운사이징,다키스트 아워,단지 세상의 끝,당갈,더 그레이,더 랍스터,더 테이블,더 포스트,덕구,덩케르크,데어 윌 비 블러드,돌아와요 부산항애(愛),동급생,동주,두 개의 문,두 번의 결혼식과 한 번의 장례식,라라랜드,라이프 오브 파이,램페이지,러브 라이브! 더 스쿨 아이돌 무비,러브레터,러빙 빈센트,레드 스패로,레디 플레이어 원,레이디 버드,로마의 휴일,롤러코스터,리틀 포레스트,립반윙클의 신부,마미,마야,마지막 황제,매그놀리아,매디슨 카운티의 다리,맨체스터 바이 더 씨,머니백,메소드,메이즈 러너: 데스 큐어,명탐정 코난 : 감벽의 관,몬스터 패밀리,몽상가들,무간도,무간도 2 - 혼돈의 시대,문라이트,문영,문호 스트레이독스 [데드애플],미드나잇 인 파리,미션,미옥,바람 바람 바람,박하사탕,밤의 해변에서 혼자,번개맨,번지 점프를 하다,범죄의 여왕,벤자민 버튼의 시간은 거꾸로 간다,불멸의 연인,불한당: 나쁜 놈들의 세상,브레이브하트,블랙 팬서,블레이드 러너,블레이드 러너 2049,비긴 어게인,비밥바룰라,빅,빅 아이즈,빌리 엘리어트,빠삐용,뽀로로 극장판 공룡섬 대모험,사라진 밤,사랑과 영혼,사운드 오브 뮤직,살인소설,"서서평, 천천히 평온하게",세 번째 살인,세븐,셰이프 오브 워터: 사랑의 모양,소공녀,수면의 과학,스타워즈: 라스트 제다이,스테이션 7,신과함께-죄와 벌,"쏘아올린 불꽃, 밑에서 볼까? 옆에서 볼까?",쓰리 빌보드,아가씨,아무도 모른다,아이 캔 스피크,"안녕, 나의 소울메이트",어벤져스: 인피니티 워,에곤 쉴레: 욕망이 그린 그림,여배우는 오늘도,염력,예수는 역사다,온리 더 브레이브,올 더 머니,용순,우리들,우리의 20세기,원더,월요일이 사라졌다,위대한 쇼맨,이터널 선샤인,인시디어스4: 라스트 키,일진,자전거 탄 소년,젝스키스 에이틴,조선명탐정 : 사라진 놉의 딸,조선명탐정: 흡혈괴마의 비밀,족구왕,주문은 토끼입니까?? ~디어 마이 시스터~,쥬만지: 새로운 세계,지금 만나러 갑니다,"지금, 만나러 갑니다",지슬,지슬 - 끝나지 않은 세월2,지옥의 묵시록,직쏘,진주 귀걸이를 한 소녀,채비,챔피언,천녀유혼,최강전사 미니특공대 : 새로운 악당의 습격,최강전사 미니특공대 : 영웅의 탄생,치즈인더트랩,캐롤,커뮤터,코코,콜 미 바이 유어 네임,콰이어트 플레이스,킬러의 보디가드,킹 오브 프리즘,킹 오브 프리즘 프라이드 더 히어로,킹 오브 프리즘 한국어판,타이타닉,택시운전사,툼레이더,튤립 피버,파리로 가는 길,패딩턴,패딩턴 2,패터슨,팬텀 스레드,퍼시픽 림: 업라이징,펀치 드렁크 러브,페르디난드,프렌즈: 몬스터 섬의 비밀,플로리다 프로젝트,플립,하이 스피드! –프리! 스타팅 데이즈,허리케인 하이스트,환상의 빛,흥부,흥부 글로 세상을 바꾼 자
dates,,,,,,,,,,,,,,,,,,,,,,,,,,,,,,,,,,,,,,,,,,,,,,,,,,,,,,,,,,,,,,,,,,,,,,,,,,,,,,,,,,,,,,,,,,,,,,,,,,,,,,,,,,,,,,,,,,,,,,,,,,,,,,,,,,,,,,,,,,,,,,,,,,,,,,,,,,,,,,,,,,,,,,,,,,,,,,,,,,,,,,,,,,,,,
20180126,,,9.28,8.97,,,,,8.42,,,,,,,,,8.95,,,,,,,8.86,,,,,,9.17,,8.75,7.97,,,5.87,,,,,,,,,,,,,,,,8.6,,,,9.1,9.19,,,,,,,,8.68,,9.22,,,8.71,,,8.26,,,,,,,8.54,,,,,,,,,9.01,,8.87,,,,,,,,,,,,,9.17,,,,,,8.08,,,,7.95,6.96,,8.01,7.2,,,,9.34,8.84,,,,,,,,,,,9.4,,9.39,9.1,,,,,,,,4.34,8.04,,,,,8.42,7.45,,,,,,,,,8.65,9.16,,,,,,9.22,,,,,,,,8.33,,,,8.91,,,,,,,,
20180127,,,9.28,8.96,,,,,8.41,,,,,,,,,8.97,,,,,,,8.86,,,,,,9.17,,8.75,7.98,,,5.84,,,,,,,,,,,,,,,,8.6,,,,9.1,9.19,,,,,,,,8.68,,9.22,,,8.71,,8.13,8.23,,,,,,,8.55,,,,,,,,,9.01,,8.87,,,,,,,,,,,,,9.17,,,,,,8.07,,,,7.96,6.95,,8.01,7.2,,,,9.34,8.84,,,,,,,,,,,9.41,,9.39,9.1,,,,,,,,4.37,8.04,,,,,8.42,7.44,,,,,,,,,8.62,9.17,,,,,,9.22,,,,,,,,8.33,,,,8.91,,,,,,,,
20180128,,,9.28,9.01,,,,,8.41,,,,,,,,,8.98,,,,,,,8.86,,,,,,9.17,,8.75,7.98,,,5.73,,,,,,,,,,,,,,,,8.6,,,,9.1,9.19,,,,,,,,8.68,,9.22,,,8.71,,,8.18,,,,,,,8.55,,,,,,,,,9.01,,8.87,,,,,,,,9.24,,,,,9.18,,,,,,8.07,,,,7.96,6.96,,8.01,7.21,,,,9.34,8.84,,,,,,,,,,,9.41,,9.39,9.1,,,,,,,,4.36,8.04,,,,,8.42,7.42,,,,,,,,,8.55,9.17,,,,,,9.22,,,,,,,,8.33,,,,8.92,,,,,,,,
20180129,,,9.28,8.97,,,,,8.4,,,,,,,,,8.99,,,,,,,8.86,,,,,,9.17,,8.75,7.98,,,5.7,,,,,,,,,,,,,9.35,,,8.6,,,,9.1,9.19,,,,,,,,8.68,8.33,9.22,,,,,,8.16,,8.43,,,,,8.55,,,,,,,,,9.01,,8.87,,,,,,,,9.32,,,,,9.18,,,,,,8.07,,,,7.96,6.95,,8.01,7.2,,,,9.34,8.84,,,,,,,,,,,9.4,,9.39,9.1,,,,,,,,4.36,8.04,,,,,8.42,7.43,,,,,,,,,8.52,9.17,,,,,,9.22,,,,,,,,8.32,,,,8.92,,,,,,,,
20180130,,,9.28,8.92,,,,,8.4,,,,,,,,,8.97,,,,,,,8.86,,,,,,9.17,,8.75,7.98,,,5.68,,,,,,,,,,,,,9.35,,,8.6,,,,,9.19,,,,,,,,8.68,,9.22,,,,,,8.15,,8.4,,,,,8.55,,,,,,,,,9.01,,8.87,,,,,,,,9.32,,,,,9.18,,,,,,8.07,,,,7.95,6.95,,8.01,7.2,,,,9.34,8.84,,,,,,,,,,,9.4,,9.39,9.1,,,,,,,,4.39,8.04,,,,,8.42,7.43,,,,,,,,,8.54,9.18,,,,,,9.21,,,,,,,,8.31,,,,8.92,,,,,,,,
20180131,,,9.28,8.9,,,,,8.4,,,,,,,,,8.97,,,,,,,8.86,,,,,,9.17,,8.75,7.98,,,5.65,,,,,,,,,,,,,9.35,,,8.6,,,,,9.19,,,,,,,,,,9.22,,,,,,8.14,,8.39,,,,,,,,,,,,,,9.01,,,,,,,,,,9.31,,,,,9.18,,,,,,8.08,,,,7.95,,,8.01,,,,,9.35,,,,,6.34,,,,,,,9.41,,9.39,,7.92,,,,,,,4.41,8.03,,,,,8.42,7.42,,,,,,,,,8.49,9.18,,,,,,9.22,,,,,,,,8.32,,,,8.92,,,,,,,,
20180201,,,9.28,8.9,,,,,8.4,,,,,,,,,8.97,,,,,,,8.86,,,,,,9.17,,8.75,7.98,,,,9.16,,,,,,,,,,5.63,,9.35,,,8.6,,,,,9.19,,,,,,,,,,9.22,,,,,,8.13,,,,,,,,,,,,,,,,9.01,,,,,,,,,,9.31,,,,,9.18,,,,,,8.08,,,,7.95,,,8.01,,,,,9.35,,,,,5.75,,,,,,,9.41,,9.39,,7.67,,,,,,,4.43,8.04,,,,,8.42,7.41,8.09,,,,,,,,8.47,9.17,,,,,,9.22,9.27,,,,,,,8.32,,,,8.92,,,,,,,,
20180202,,,9.28,8.89,,,,,8.4,,,,,,,,,8.97,,,,,,,8.86,,,,,,9.17,,8.75,7.99,,,,9.17,,,,,,,,,,5.56,,9.35,,,8.6,,,,,9.19,,,,,,,,,,9.22,,,,,,8.12,,,,,,,,,,,,,,,,9.01,,,,,,,,,,9.31,,,,,9.17,,,,,,8.07,,,,7.95,,,8.01,,,,,9.35,,,,,5.56,,,,,,,9.4,,9.39,,7.51,,,,,,,4.43,8.04,,,,,8.42,7.39,8.09,,,,,,,,8.48,9.17,,,8.39,,,9.22,9.27,,,,,,,8.32,,,,8.92,,,,,,,,
20180203,8.92,,9.28,8.89,,,,,8.4,,,,,,,,,8.98,,,,,,,8.86,,,,,,9.17,,8.75,7.99,,,,9.2,,,,,,,,,,5.52,,9.35,,,8.6,,,,,9.19,,,,,,,,,,9.22,,,,,,8.11,,,,,,,,,,,,,,,,9.01,,,,,,,,,,9.31,,,,,9.17,,,,,,8.06,,,,7.95,,,8.01,,,,,9.35,,,,,5.41,,,,,,,9.4,,9.39,,7.44,,,,,,,4.43,8.04,,,,,8.42,7.39,8.08,,,,,,,,8.48,9.17,,,8.39,,,9.22,9.27,,,,,,,8.31,,,,8.92,,,,,,,,
20180204,9.03,,9.28,8.9,,,,,8.4,,,,,,,,,8.98,,,,,,,8.86,,,,,,9.17,,8.75,8.0,,,,9.19,,,,,,,,,,5.48,,9.35,,,8.6,,,,,9.19,,,,,,,,,,9.22,,,,,,8.11,,8.39,,,,,,,,,,,,,,9.01,,,,,,,,,,9.31,,,,,9.17,,,,,,8.06,,,,7.95,,,8.01,,,,,9.35,,,,,5.31,,,,,,,9.41,,9.39,,7.57,,,,,,,4.42,8.04,,,,,8.42,7.39,8.09,,,,,,,,8.47,9.18,,,8.39,,,9.22,9.27,,,,,,,8.31,,,,8.92,,,,,,,,
20180205,9.06,,9.28,8.91,,,,,8.4,,,,,,,,,8.97,,,,,,,,8.65,,,,,9.17,,8.75,8.0,,,,9.19,,,,,,,,,,5.46,,9.35,,,8.6,,,,,9.19,,,,,,,,,,9.22,,,,,,8.1,,8.39,,,,,,,,,,,,,,9.01,,,,,,,,7.95,,9.29,,,,,9.18,,,,,,8.06,,,,7.95,,,8.01,,,,,9.35,,,,8.87,5.26,,,,,,,9.42,,9.39,,7.46,,,,,,,4.44,8.04,,,,,8.42,7.39,8.1,,,,,,,,8.47,9.18,,,8.39,,,9.22,9.28,,,,,,,8.3,,,,8.92,,,,,,,,
20180206,9.01,,9.28,8.91,,,,,8.4,,,,,,,,,8.97,,,,,,,8.86,8.65,,,,,9.17,,8.75,8.01,,,,9.19,,,,,,,,,,5.42,,9.35,,,8.6,,,,,9.19,,,,,,,,,,9.22,,8.9,,,,8.1,,8.39,,,,,,,,,,,,,,,,,,,,,,7.95,,9.29,,,,,9.17,,,,,,8.06,,,,7.95,,,8.01,,,,,9.35,,,,8.87,5.21,,,,,,,9.43,,9.39,,7.41,,,,,,,4.44,8.04,,,,,,7.39,8.11,,,,,,,,8.46,9.19,,,8.39,,,9.22,9.28,,,,,,,8.31,,,,8.92,,,,,,,,
20180207,8.94,,9.28,8.9,,,,,8.39,,,,,,,,,8.96,,,,,,,8.86,8.65,,,,,9.17,,8.75,8.01,,,,9.19,,,,,,,,,,5.37,,9.35,,,8.6,,,,,9.19,,,,,,,,,,9.22,,8.9,,,,8.1,,8.39,,,,,,,,,,,,,,,,,,,,,,7.95,,9.28,,,,,9.18,,,,,,8.06,,,,7.96,,,8.01,,,,,,,,,8.87,5.19,,,,,,,9.43,,9.39,,7.37,,,,,,,4.45,8.03,,,,,,,8.11,,,,,,,,8.46,9.19,,,,,,9.22,9.28,,,,,8.57,,8.31,,,,8.92,,,,,,,,
20180208,8.93,,9.27,8.89,,,,,8.39,,,,,,,,,8.96,,,,,,,8.86,8.65,,,,,9.17,,,8.02,,,,9.18,,,7.6,,,,,,,5.26,,9.35,,,8.6,,,,,9.19,,,,,,,,,,9.22,,8.9,,,,8.1,,,,,,,,,,,,,,,,,,,,,,,,7.95,,9.24,,,,,9.18,,,,,,8.06,,,,7.96,,,8.01,,,,,,,,,8.88,5.18,,,,,,,9.43,,9.39,,7.33,,,,,7.96,,,,,,,,,,8.11,,,,,,,,8.47,9.19,,,,,,9.22,9.28,,,,,8.57,,8.31,,,,8.92,,,,,,,,
20180209,8.92,,9.27,8.89,,,,,8.39,,,,,,,,,8.96,,,,,,,8.86,8.65,,,,,9.17,,,8.02,,,,9.18,,,,,,,,,,5.27,,9.35,,,8.6,,,,,9.19,,,,,,,,,,9.22,,8.91,,,,8.1,,,,,,,,,,,,,,,,,,,,,,,,7.95,,9.25,,,,,9.18,,,,,,8.07,,,,7.96,,,8.0,,,,,,,,,8.88,5.17,,,,,,,9.43,,9.39,,7.3,,,,,8.06,,,,,,,,,,8.12,,,,,,,,8.45,9.2,,,,,,9.22,9.28,,,,,8.57,,8.31,,,,8.91,,,,,,,,
20180210,8.93,,9.27,8.89,,,,,8.39,,,,,,,,,8.96,,,,,,,8.86,8.65,,,,,9.17,,,8.02,,,,9.18,,,,,,,,,,,,,,,8.6,,,,,9.19,,,,,,,,,,9.22,,8.91,,,,8.1,,,,,,,,,,,,,,,,,,,,,,,,7.95,,9.22,,,,,9.18,,,,,,8.06,,,,7.96,,,8.01,,,,,,,,,8.87,5.15,7.69,,,,,,9.43,,9.39,,7.28,,,,,7.94,,,,,,,,,,8.11,,,,,,,,8.45,9.2,,,,,,9.22,9.28,,,,,8.57,,8.3,,,,8.92,,,,,,,,
20180211,8.88,,9.27,8.89,,,,,8.39,,,,,,,,,8.96,,,,,,,8.86,8.65,,,,,9.17,,,8.02,,,,9.19,,,,,,,,,,,,,,,8.6,,,,,9.19,,,,,,,,,,9.22,,8.91,,,,8.09,,,,,,,,,,,,,,,,,,,,,,,,7.95,,9.21,,,,,9.17,,,,,,8.06,,,,7.96,,,8.01,,,,,,,,,,5.15,,,,,,,9.42,,9.39,,7.23,,,,,7.72,,,,,,,,,,8.1,,,,,,,,8.45,9.2,,,,,,9.22,9.28,,,,,,,8.3,,,,8.92,,,,,,,,
20180212,8.85,,9.27,8.88,,,,,8.39,,,,,9.33,,,,8.96,,,,,,,8.86,,,,,,9.17,,,8.02,,,,9.2,,,,,,,,,,,,,,,8.6,,,,,9.19,,,,,,,,,,9.22,,8.91,,,,8.09,,,,,,,,,,,,,,,,,,,,,,,,7.95,,9.2,,,,,9.17,,,,,,8.06,,,,7.96,,,8.0,,,,,,,,,,5.14,,,,,,,9.41,,9.39,,7.23,,,,,7.65,,,,,,,,,,8.1,,,,,,,,8.45,9.2,,,,,,9.22,9.29,,,,,,9.12,8.31,,,,8.92,,,,,,,,
20180213,8.85,,9.27,8.86,,,,,8.39,,,,,9.33,,,,8.96,,,,,,,8.86,,,,,,9.17,,,8.02,,,,9.21,,,,,,,,,,,,,,,8.6,,,,,9.19,,,,,,,,,,9.22,,8.91,,,,8.09,,,,,,,,,,,,,,,,,,,,,,,,7.95,,9.18,,,,,9.17,,,,,,8.06,,,,7.96,,,8.0,,,,,,,,,,5.13,,,,,,,9.41,,9.39,,7.2,,,,,7.59,,,,,,,,,,8.11,,,,,,,,8.45,9.2,,,,,,9.22,9.29,,,,,,9.15,8.31,,,,8.92,,,,,,,,
20180214,8.84,,9.26,8.78,,,,,,,,,7.61,9.33,,,,8.96,,,,,,,8.86,,,,,,9.17,,,8.02,,,,9.2,,,,,,,,,,,,,,,8.6,,,,,9.19,,,,,,,,,,,,8.91,,,,8.09,,,,,,,,,,,,,,,,,,,,,,8.02,,7.95,,9.14,,,,,9.17,,,,,,8.06,,,,7.96,,,8.0,,,,,,,,,,5.12,,,,,,,9.4,,9.39,,7.16,,,,,7.51,,,,,,,,,,8.11,,,,,,,,8.45,9.2,,,,,,9.22,9.29,,,,,,9.16,8.31,,,,8.92,,,,,,,,
20180215,8.84,,9.26,8.75,,,,,,,,,6.81,9.33,,,,8.96,,,,,,,8.86,,,,,,9.17,,,8.02,,,,9.21,,,,,,,,,,,,,,,8.6,,,,,9.19,,,,,,,,,,,,8.91,,,,8.09,,,,,,,,,,,,,,,,,,,,,,7.81,8.73,7.95,,9.12,,,,,9.17,,,,,,8.06,,,,7.96,,,7.99,,,,,,,,,,5.09,,,,,,,9.4,,9.39,,7.14,,,,,7.44,,,,,,,,,,8.11,,,,,,,,,9.2,,,,,,9.22,9.29,,,,,,9.18,8.31,,,,8.92,,,,,,,6.58,
20180216,8.83,,9.26,8.76,,,,,,,,,6.39,9.33,,,,8.96,,,,,,,8.86,,,,,,9.17,,,8.03,,,,9.21,,,,,,,,,,,,,,,8.6,,,,,9.19,,,,,,,,,,,,8.91,,,,8.09,,,,,,,,,,,,,,,,,,,,,,7.8,8.73,7.96,,9.11,,,,,9.17,,,,,,8.06,,,,7.96,,,7.98,,,,,,,,,,5.09,,,,,,,9.4,,9.39,,7.13,,,,,7.35,,,,,,,,,,8.1,,,,,,,,,9.2,,,,,,9.22,9.29,,,,,,9.2,8.31,,,,8.92,,,,,,,5.99,
20180217,8.83,,9.26,8.77,,,,8.52,,,,,6.14,9.33,,,,8.96,,,,,,,8.86,,,,,,9.17,,,8.03,,,,9.23,,,,,,,,,,,,,,,8.6,,,,,9.19,,,,,,,,,,,,8.91,,,,8.08,,,,,,,,,,,,,,,,,,,,,,7.67,8.73,7.95,,9.1,,,,,9.17,,,,,,8.06,,,,7.96,,,7.97,,,,,,,,,,5.08,,,,,,,9.4,,9.39,,7.06,,,,,7.27,,,,,,,,,,8.1,,,,,,,,,9.21,,,,,,9.22,9.29,,,,,,9.19,8.31,,,,8.91,,,,,,,5.69,
20180218,8.83,,9.26,8.79,,,,8.53,,,,,6.1,9.33,,,,8.96,,,,,,,8.86,,,,,,9.17,,,,,,,9.23,,,,,,,,,,,,,,,8.6,,,,,9.19,,,,,,,,,,,,8.91,,,,8.08,,,,,,,,,,,,,,,,,,,,,,7.56,8.73,7.95,,9.09,,,,,9.17,,,,,,8.06,,,,7.96,,,7.96,,,,,,,,,,5.08,,,8.32,,,,9.4,,9.39,,7.04,,,,,7.22,,,,,,,,,,8.11,,,,,,,,,9.21,,,,,,9.22,9.29,,,,,,9.17,8.31,,,,8.91,,,,,,,5.52,
20180219,8.84,,9.26,8.81,,,,8.56,8.38,,,,6.01,9.33,,,,8.96,,,,,,,,,,,,,9.17,,,,,,,9.22,,,,,,,,,,,,,,,8.6,,,,,9.19,,,,,,,,,,,,8.91,,,,8.08,,,,,8.67,,,,,,,,,,,,,,,6.05,,7.52,8.73,,,9.09,,,,,9.17,,,,,,8.05,,,,7.96,,8.75,7.95,,,,,,,,,,5.08,,,8.31,,,,9.39,,9.39,,7.03,,,,,7.17,,,,,,,,,,8.1,,,,,,,,,9.21,,,,,,9.21,9.29,,,,,,9.17,8.31,,,,8.92,,,,,,,5.45,
20180220,8.84,,9.26,8.83,,,,8.56,8.38,,,,5.96,9.33,,,,8.96,,,,,,,,,,,,,9.17,,,,,,,9.22,,,,,,,,,,,,,,,8.6,,,,,9.2,,,,,,,,,,9.22,,,8.7,,,8.08,8.63,,,9.1,8.67,8.08,,,,,,,,,,,,,,6.05,,7.53,8.73,,,9.09,,,,,,,,,,,8.05,,,,7.95,,8.75,7.95,,,,,,,,,,5.08,,,8.31,,,8.25,9.4,,9.39,,7.04,,,9.54,,7.14,,,,,,,,,,8.1,,,,,,,,,9.21,,,,,,9.21,9.29,,,,,,9.18,8.31,,,,8.92,,,,,,,5.4,
20180221,8.84,,9.26,8.82,,,,8.54,8.38,,,,5.92,9.33,,,,8.96,,,,,,,,,,,,,9.17,,,,,,,9.22,,,,,,,,,,,,,,,8.6,,,,,9.2,,,,,,,,,,9.22,,,8.7,,,8.08,8.56,,,9.1,8.67,8.09,,,,,,,,,,,,,9.0,6.06,,7.54,8.73,,,9.09,,,,,,,,,,9.22,8.05,,,,7.95,,,7.94,,,7.09,,,,,,,5.08,,,8.31,,,8.25,9.4,,9.39,,7.03,,,9.34,,7.12,,,,,,,,,,8.1,,,,,,,,8.39,9.21,,,,,,9.21,9.29,,,,,,9.17,8.32,,,,8.92,,,,,,,5.39,
20180222,8.84,,9.26,8.81,,,,8.53,8.38,,,7.36,5.89,9.33,,,,8.95,,,,,,,,,,,,,9.17,,,,,,,9.19,,,,,,,,,,,,,,,8.6,,,,,9.19,,,,,,,,,,9.22,,,8.7,,,,8.55,,,9.1,8.67,8.09,,,,,,,,,,,,,9.0,6.06,,7.54,8.73,,,9.09,,,,,,,,,,,8.05,,,,7.95,,,7.94,,,7.09,,,,,,,5.08,,,8.3,,,8.25,9.4,,9.39,,7.04,,,9.29,,7.1,,,,,,,,,,8.1,,,,,,,,8.39,9.21,,,,,,9.21,9.29,,,,,,9.18,8.32,,,,8.92,,,,,,,5.2,
20180223,8.84,,9.26,8.81,,8.27,,8.52,8.38,,,7.36,5.85,9.33,,,,8.95,,,,,,,,,,,,,9.17,,,,,,,9.19,,,,,,,,,,,,,,,8.6,,,,,9.19,,,,,,,,,,9.22,,,8.7,,,,8.49,,,9.1,8.67,8.09,,,,,,,,,,,,,9.0,6.06,,7.54,8.73,,,9.09,,,,,,,,,,,8.05,,9.21,,7.95,,,7.94,,,7.09,,,,,,,5.08,,,8.3,,,8.25,9.4,8.64,9.39,,7.03,,,9.29,7.67,7.05,,,,,,,,,,8.1,,,,,,,,8.39,9.21,,,,,,9.21,9.29,,,,,,9.18,8.32,,,,8.92,,,,,,,4.98,
20180224,8.84,,9.26,8.81,,8.25,,8.51,8.38,,,7.36,5.83,9.33,,,,8.95,,,,,,,,,,,,,9.17,,,,,,,9.17,,,,,,,,,,,,,,,8.6,,,,,9.19,,,,,,,,,,9.22,,,8.7,,,,8.49,,,9.1,8.67,8.09,,,,,5.07,,,,,,,,9.0,6.06,,7.52,8.73,,,9.09,,,,,,,,,,,8.05,,9.04,,7.95,,,7.93,,,7.09,,,,,,,5.09,,,8.3,,,8.25,9.39,8.64,9.39,,7.03,,,9.29,7.67,7.03,,,,,,,,,,8.1,,,,,,,,8.39,9.21,,,,,,9.21,9.29,,,,,,9.19,8.32,,,,8.92,,,,,,,4.95,
20180225,8.84,,9.26,8.81,,8.18,,8.53,8.38,,,7.36,5.81,9.33,,,,8.96,,,,,,,,,,,,,9.17,,,,,,,9.17,,,,,,,,,,,,,,,8.6,,,,,9.19,,,,,,,,,,9.22,,,8.7,,,,8.49,,,9.1,8.67,8.09,,,,,,,,,,,,,9.0,6.06,,7.53,8.73,,,9.11,,,,,,,,,,,8.05,,8.92,,7.95,,,7.93,,,7.09,,,,,,,5.08,,,8.31,,,8.25,9.39,8.59,9.39,,7.03,,,9.29,7.67,7.0,,,,,,,,,,8.11,,,,,,,,8.39,9.21,,,,,,9.2,9.29,,,,,,9.19,8.32,,,,8.92,,,,,,,,4.93
20180226,8.84,,9.26,8.81,,8.19,,8.53,8.38,,,,5.79,9.33,,,,8.95,,,,,,,,,,8.67,,,9.17,,,8.05,,,,9.18,,,,,,,,,,,,,,,8.6,,,,,9.2,,,,,,,,,,9.22,,,8.7,,,,8.49,,,9.1,8.67,8.09,,,,,,,,,,,,,9.0,6.06,,7.54,8.73,,,9.09,9.19,,,,,,,,,,8.05,,8.8,,7.95,,,7.93,,,7.09,,,,,,,,7.69,,8.31,,,8.25,9.39,8.44,9.39,,7.03,,,9.29,7.67,6.98,,,,,,,,,,8.11,,,,,,,,8.39,9.21,,,,,,9.2,9.29,,,,,,9.18,8.32,,,,8.92,,,,,,,,
20180227,8.84,,9.26,,,8.18,,8.53,8.38,,,,5.78,,,,,8.95,,,,,,,,,,8.67,,,9.17,,,8.04,,,,9.18,,,,,,,,8.3,,,,,,,8.6,,,,,9.19,,,,,,,,,,9.22,,,8.7,,,,8.5,,,9.1,8.67,8.09,,,,,,,,,,,,,9.0,6.06,,7.54,8.73,,,9.09,9.19,,,,,,,,,,8.05,,8.88,,7.96,,,7.93,,,7.09,,,,,,,,,,8.3,,,8.25,9.39,8.36,9.39,,7.03,,,9.29,,6.94,,,,,,,,,,8.11,,,,,,,,8.39,9.21,,,,,,9.2,9.29,,,,,,9.17,8.32,,,,,,,,,,,,4.78
20180228,8.84,,9.26,,,8.15,,8.51,8.38,,,,5.76,,,8.32,,8.95,,,,,,,,,,8.67,,7.7,9.17,,,8.04,,,,9.18,,,,,,,,8.3,,,,,,,8.6,,,,,9.19,,,,,,9.08,,,,9.22,,,8.7,,,,8.5,,,9.1,8.67,8.09,,,,,,,,,,,,,9.0,6.06,,7.53,8.73,,,9.09,9.19,,,,,,,,,,8.05,,8.81,,7.96,,,7.93,,,7.09,,,,,,,,,,8.32,,,8.26,9.39,8.36,9.39,,,,,9.29,,6.87,,,,,,,,,,8.11,,,,,,,,,9.21,,,,,,9.2,9.29,,,,,,9.17,8.31,,,,,8.92,,,,,,,4.72
20180301,8.85,,9.26,,,8.12,,8.53,,,,,5.75,,,7.82,,8.95,,,,,,,,,,8.67,,7.57,,,,8.05,,,,9.19,,,,,,,,8.3,,,,,,,8.6,,,,,9.2,8.84,,,,,9.05,,,,9.22,,,8.7,,,,8.45,,,,8.67,8.09,,,,,,,,,,,,,9.0,,,7.54,8.73,,,9.1,9.19,,,,,,,,,,8.06,,8.76,,7.96,,,7.92,,,7.09,,,,,,,,,,8.32,,,8.26,9.4,8.34,9.39,,,,,9.29,,6.85,,,,,,,,,,8.11,,,,,,,,,9.21,,,,,,9.2,9.29,,,,,,9.14,8.31,,,,,8.91,,,,,,,4.65
20180302,8.85,,9.26,,,8.13,,8.54,,5.56,,,5.75,,,7.66,,8.95,,,,,,,,,,8.68,,7.62,,,,8.05,,,,9.19,,,,,,,,8.3,,,,,,,8.6,,,,,9.2,8.87,,,,,8.96,7.35,,,9.22,,,8.7,,,8.08,8.45,,,,8.67,8.09,,,,,,,,,,,,,9.0,,,7.55,8.73,,,9.1,9.19,,,,,,,,,,8.06,,8.72,,7.96,,,7.92,,,7.09,,,,,,,,,,8.32,,,8.26,9.38,8.33,9.39,,,,,9.29,,6.84,,,,,,,,,,8.11,,,,,,,,,9.21,,,,,,9.2,9.29,,,,,,9.13,8.31,,,,,8.91,,,,,,,4.58
20180303,8.85,,,,,8.15,,8.56,,5.34,,,5.74,,,7.57,,8.95,,,,,,,,,,8.68,,7.72,9.17,,,8.05,,,,9.2,,,,,,,,8.3,,,,,,,8.6,,,,,9.2,8.94,,,,,8.93,7.35,,,,,,8.7,,,,8.45,,,,8.67,8.09,,,,,,,,,,,,,9.0,,,7.54,8.73,,,9.1,9.19,,,,,,,,,,8.06,,8.7,,7.96,,,7.92,,,7.09,,,,,,,,,,8.31,,,8.26,9.38,8.3,9.39,,,,,9.29,,6.84,,,,,,,,,,8.11,,,,,,,,,9.22,,,,,,9.2,9.29,,,,7.93,,9.12,8.31,,,,,8.9,,9.18,,,,,4.55
20180304,8.85,,9.26,,,8.13,,8.57,,5.07,,,5.74,,,7.45,,8.95,,,,,,,,,,8.68,,7.59,9.17,,,8.05,,,,9.21,,,,,,8.86,,8.3,,,,,,,8.6,,,,,9.19,8.89,,,,,8.87,7.35,,,,,,8.7,,,,8.44,,,,,8.09,,,,,,,,,,,,,9.0,,,7.55,8.73,,,9.1,9.19,,,,,,,,,,8.06,,8.66,,7.96,,,7.92,,,,,,8.83,,,,,,,8.32,,,8.26,9.39,8.33,9.39,,,,,,,6.83,,,,,,,,,,8.11,,,,,,,,,9.22,,,,,,9.2,9.29,,,,7.93,,9.13,8.31,,,,,8.88,,9.18,,,,,4.53
20180305,8.85,,9.26,,,8.1,,8.58,,5.04,,,5.74,,,7.37,,8.95,,,,,,,,,,8.68,,7.57,9.17,,,8.05,,,,9.21,,,,,,8.83,,8.3,,,,,,,8.6,,,,,9.19,8.86,,,,,8.85,7.35,,,,,,8.7,,,,8.43,,,,,8.09,,,,,,,,,,,,,9.0,,,7.55,8.73,,,9.1,9.19,,,,9.17,,,,,,8.06,,8.63,,7.96,,,7.92,,,,,,8.83,,,,,,,8.32,,,8.27,9.39,8.32,9.39,,,,,9.29,,6.83,,,,,,,,,,8.11,,,,,,,,,9.22,,,,,,9.2,9.29,,,,7.93,,9.12,8.32,,,,,8.88,,9.18,,,,,
20180306,8.85,,9.26,,,8.09,,8.59,,5.01,,,5.73,,,7.31,,8.95,,,,,,,,,,8.68,,7.53,9.17,,,8.06,,,,9.21,,,,,,8.81,,8.3,,,,,5.15,,8.6,,,,,9.19,8.86,,,,,8.83,7.35,,,,,,8.7,,,,8.44,,,,,,,,,,,,,,,,,,9.0,,,7.55,8.73,,,9.1,9.19,,,,,,,,,,8.06,,8.6,,7.96,,,7.91,,,,,,8.83,,,,,,,8.31,,,8.27,9.39,8.32,9.39,,,,,9.29,,6.82,,,,,,,,,,8.11,,,,,,,,,9.22,,,,,,9.2,9.29,,,,7.93,,9.12,8.32,,,,,8.88,,9.18,,,,,4.5
20180307,8.85,,9.26,,,8.09,,8.59,,4.95,,,5.69,,,7.26,,8.95,,,,,,,,,,8.68,,7.52,9.17,,,8.05,,,,9.2,,,,,,8.83,,8.3,,,,,5.15,,8.6,,,,,9.19,8.82,,,,,8.83,,,,,,,8.7,,,,8.45,,,,,8.09,,,,,,,,,,,,,9.01,,,7.54,8.73,,,9.1,9.19,,,,9.17,,,,,,8.06,,8.57,,7.96,,,7.91,,,,,,8.83,,,,,,,8.32,,,8.27,9.39,8.3,9.39,,,,,9.29,,6.82,,,,,,,,,,8.11,,,,,,,,,9.22,,,,,,9.2,9.29,,,,7.93,,9.12,8.31,,,,,8.88,,9.18,,,,,
20180308,8.85,,9.26,,,8.07,,8.59,,,,,5.62,,,7.22,,8.95,,,,,,,,,,8.68,,7.51,9.17,,,8.06,,,,9.11,,,,,,8.83,,8.3,,,,,5.15,,8.6,,,,,9.19,8.82,,,,,8.82,,,,,,,8.7,,,,8.44,,,,,8.09,,,,,,,,,,,,,9.01,,,7.54,,,,9.1,9.19,,,,9.17,7.73,,,,,8.06,,8.56,,7.96,,,7.91,,,,,,8.83,,,,,,,8.32,,,8.27,9.4,8.3,9.39,,,,,9.27,,6.82,,,,,,,,,,8.11,,,,,,,,,9.22,,,,,,9.19,9.29,,7.58,,7.93,,9.12,8.31,,,,,8.88,,9.18,,,,,
20180309,8.85,,,,,8.07,,8.6,,4.84,,,5.57,,,7.19,,8.95,,,,,,,,,,8.68,,7.51,9.17,,,8.06,,,,9.12,,,,,,8.83,,8.3,,,,,5.15,,8.6,,,,,9.19,8.83,,,,,8.81,,,,,,,8.7,,,,8.45,,,,,8.09,,,,,,,,,,,,,9.0,,,7.54,,,,9.11,9.19,,,,9.17,7.7,,,,,8.05,,8.55,,7.96,,,7.91,,,,,,,,,,,,,8.32,,,8.27,9.4,8.32,9.39,,,,,9.27,,6.82,,,,,,,,,,8.11,,,,,,,,,9.22,,,,,,9.19,9.29,,7.95,,7.93,,9.12,8.31,,,,,8.89,,9.18,,,,,
20180310,8.85,,9.26,,,8.08,,8.6,,4.83,,,5.53,,,7.15,,8.95,,,,,,,,,,8.68,,7.49,9.17,,,8.06,,,,9.1,,,,,,8.84,,8.3,,,,,,,8.6,,,,,9.19,8.82,,,,,8.82,,,,,,,8.7,,,,8.45,,,,,8.09,,,,,,,,,,,,,9.0,,,7.54,,,,9.11,9.19,,,,9.17,7.54,,,,,8.05,,8.53,,7.96,,,7.91,,,,,,,,,,,,,8.32,,,8.27,9.4,8.32,9.39,,,,,9.29,,6.82,,,,,,,,,,8.11,,,,,,,,,9.22,,,,,,9.19,9.29,,7.9,,7.93,,9.12,8.31,,,,,8.88,,9.18,,,,,
20180311,8.85,,9.25,,,8.07,,8.58,,4.8,,,5.51,,,7.11,,8.95,,,,,,,,,,8.68,,7.49,9.17,,,8.07,,,,9.1,,,,,,8.82,,8.3,,,,,,,8.6,,,,,9.19,8.8,,,,,8.82,,,,,,,8.69,,,,8.45,,,,,8.09,,,,,,,,,,,,,9.01,,,7.54,,,,9.1,,,,,9.17,7.38,,,,,8.05,,8.51,,,,,7.91,,,,,,,,,,,,,8.32,,,8.27,9.4,8.31,9.38,,,,,9.3,,6.82,,,,,,,,,,,,,,,,,,,9.22,,,,,,9.19,9.29,,7.84,,7.93,,9.11,8.31,,,,,8.89,,9.18,,,,,
20180312,8.85,,9.25,,,8.08,,8.58,,4.79,,,5.49,,,7.09,,8.96,,,,,,,,,,8.68,,7.49,9.17,,,8.07,,,,9.1,7.46,,,,,8.82,,8.3,,,,,,,8.6,,,,,9.19,8.8,,,,,8.82,,,,,,,8.7,,,,8.46,,,,,8.09,,,,,,,,,,,,,9.01,,,7.54,,,,,,,9.28,,9.17,7.32,,,,,8.06,,8.5,,,,,7.91,,,,,,,,,,,,,8.31,,,8.27,9.4,8.32,9.38,,,,,9.3,,6.82,,,,,,,,,,,,,,,,,,,9.22,,,,,,9.19,9.29,,7.72,,7.93,,9.12,8.31,,,,,8.89,,9.18,,,,,
20180313,8.85,,,8.79,,8.07,,8.59,,4.76,,,5.48,,,7.07,,8.96,,,,,,,,,,8.69,,7.49,9.17,,,8.07,,,,9.1,7.46,,,,,8.8,,8.3,,,,,,,,,,,,9.19,8.81,,,,,8.82,,,,,,,8.7,,,,,,,,,8.09,,,,,,,,,,,,,9.01,,,7.55,,,,,,,9.28,,9.17,7.31,,,,9.22,8.06,,8.5,,,,,7.91,,,,,,,,,,,,9.31,8.31,,,8.27,9.4,8.31,9.38,,,,,9.3,,6.82,,,,,,,,,,,,,,,,,,,9.22,,,,,,9.19,9.29,,7.62,,7.93,,9.12,8.31,,,,,8.89,8.46,9.18,,,,,
20180314,8.85,,,8.79,,8.06,,8.59,,4.76,,,5.47,,,7.05,,8.96,,,,,,,,,,8.69,,7.48,9.17,,,8.07,,,,9.11,7.46,,,,,8.78,,,,,,,,,,,,,,9.19,8.81,,,,,8.82,,,,,,,,,,,,,,,,,,,,,,,,,,,,,9.01,,,7.55,,,,,,,9.28,,9.17,7.29,,,,,8.05,,8.49,,,,,7.91,,,,,,,,,,,,9.31,8.31,,,8.27,9.4,8.31,9.38,,,,,9.24,,6.81,,,,7.95,,,,,,,,,,,,6.53,,,9.22,,,,,,9.19,,,7.55,,7.93,,9.12,8.31,,,,,8.89,8.51,9.18,,,,,
20180315,8.85,1.46,,8.78,,8.06,,8.59,,4.74,,,5.46,,,7.04,,8.96,,,,,,,,,,8.69,,7.47,,,,8.07,,,,9.1,,,,,,8.78,,8.3,,,,,,,,,,,,9.19,8.8,,,,,8.81,,,,,,,,,,,8.44,,,,,,,,,,,,,,,,,,9.01,,,7.55,,,,,,,9.28,,9.17,7.28,,,,,8.05,,8.49,,7.95,,,7.91,,,,,,,,,,,,9.28,,,,8.27,9.4,8.31,9.38,,,,,9.25,,6.79,,,,8.33,,,,,,8.12,,,,,,6.33,,,9.22,,,,,,9.19,9.29,,7.53,,,,9.12,8.31,,,,,8.89,8.49,,,,,,
20180316,8.85,2.49,,,,8.06,,8.59,,4.75,,,5.45,,,7.04,,8.96,,,,,,,,,,8.69,,7.48,,,,8.07,,,,9.11,,,,,,8.79,,8.3,,,,,,,,,,,,9.19,8.8,,,,,8.82,,,,,,8.91,,,,,8.44,,,,,,,,,,,,,,,,,,9.01,,,7.55,,,,,,,9.28,,9.17,7.27,,,,9.22,8.04,,8.48,,7.95,,,7.91,,,,,,,,,,,,9.25,,,,8.27,9.4,8.31,9.38,,,,,9.23,,6.77,,,,8.41,,,,,,8.12,,,,,,6.16,,,9.22,,,,,,9.18,9.29,,7.48,,,,9.12,8.31,,,,,8.89,8.49,,,8.4,,,
20180317,8.85,2.54,,,,8.07,,8.59,,4.75,,,5.44,,,7.02,,8.96,,,,,,,,,,8.69,,7.48,,,,,,,,9.11,,,,,,8.78,,8.3,,,,,,,,,,,,9.19,8.79,,,,,8.8,,,,,,8.91,,,,,8.45,,,,,,,,,,,,,,,,,,,,,7.55,,,,9.09,,,9.28,,9.17,7.25,,,,,8.04,,8.48,,7.95,,,7.9,,,,,,,,,,,,9.27,,,,8.27,9.4,8.31,9.38,,,,,9.23,,6.76,,,,8.57,,,,,,,,,,,,5.95,,,9.22,,,,,,9.18,9.29,,7.45,,,,9.11,8.31,,,,,8.89,8.47,,,8.13,,,
20180318,8.85,2.63,,,,8.06,,8.59,,4.71,,,5.43,,,7.01,,8.96,,,,,,,,,,8.69,,7.48,,,,,,,,9.1,7.46,,,,,8.79,,8.3,,,,,,,,,,,,9.19,8.79,,,,,8.81,,,,,,8.91,,,,,8.44,,,,,,,,,,,,,,,,,,,,,7.55,,,,9.09,,,9.28,,9.17,7.24,,,,,8.0,,8.48,,7.95,,,7.9,,8.99,,,,,,,,,,9.27,,,,8.27,9.41,8.31,9.38,,,,,9.23,,6.74,,,,8.72,,,,,,,,,,,,5.81,,,9.22,,,,,,9.18,9.29,,7.42,,,,9.11,8.31,,,,,8.89,8.44,,,7.96,,,
20180319,8.85,2.54,,,,8.06,,8.58,,4.73,,,5.42,,,7.01,,8.96,,,,,,,,,,8.69,,7.48,,,,,,,,9.1,7.46,,,,,8.79,,,,,,,,,,,,,,9.19,8.78,,,,,8.81,,,,,,8.91,,,,,,,,,,,,,,,,,,,,,,,,,,7.55,,,,9.09,,,9.28,,9.17,7.24,9.17,,,,7.98,,8.47,,7.95,,,7.9,,9.0,,,,,,,,,,9.29,,,,8.27,9.4,8.31,9.38,,,,,9.23,,6.73,,,,8.75,9.33,,,,,,,,,,,5.8,,,9.22,,,,,,9.18,9.29,,7.41,,,,9.11,8.31,,,,,8.89,8.44,,,7.9,,,
20180320,8.85,2.54,,,,8.07,,8.59,,4.56,,,5.42,,,7.01,,8.96,,,,,,,,,,8.69,,7.48,,,,,,,,9.11,7.46,,,,,8.79,,,,,,,,,,,,,,9.2,8.78,,,,,8.81,,,,,,8.91,,,,,,,,,,,,,,,,,,,,,,,,,,7.55,,,,9.08,,,9.28,,9.17,7.22,,,,,7.97,,8.46,,7.95,,,7.9,,9.05,,,,,,,,,,9.26,,,,8.27,9.4,8.31,9.38,,,,,9.23,,6.72,,,,8.73,,,6.16,,,,,,,,,5.74,,,,,,,,,9.18,9.29,,7.39,,,,9.11,8.31,,,,,8.88,8.46,,,7.82,,,
20180321,8.85,2.54,,,,8.06,,8.59,,4.35,,,5.41,,,6.97,,8.96,,,,,3.08,,,,,8.69,,7.48,,,,,,,,9.12,,,,,,8.79,,8.3,,,,,,,,,,,,9.2,,,,,,8.81,,,,,,,,,,,,,,,,,,,,,,,,,,,,,,,,7.55,,,,9.07,,,9.28,,9.17,7.22,,,,,,,8.46,,,,,7.9,,9.04,,,,,,,,,,9.23,8.29,,,,9.39,8.31,9.38,,,4.24,,9.23,,6.72,,,,8.73,,,6.16,,,,,,,,,5.74,,,9.22,,,,,,9.18,9.29,,7.37,,,,9.11,,,7.75,,,8.88,8.49,,,7.74,,,
20180322,8.85,2.55,,,,8.07,,8.59,,4.21,,,5.4,,,6.92,,,,,,,3.14,,,,,8.69,,7.48,,,,,,,,9.12,,,,,,8.79,,8.3,,,,,,,,,,,,9.2,,,,,,8.81,,,,,,,,,,,,,,,,,,,,,,,,,,,,,,,,7.55,,,,,,,9.28,,9.17,7.22,,,,,,,8.46,,7.95,,,,,9.02,,,,,,,,,,9.23,8.29,,,,9.39,8.31,9.38,,,4.25,,9.23,,6.72,,,,8.72,,,6.16,,,,,,,,,5.7,,,9.22,,,,,,9.18,9.29,,7.36,,,,9.11,,,7.84,,,8.88,8.48,,,7.76,,,
20180323,8.85,2.56,,,,8.07,,8.59,,4.17,,,5.4,,,6.9,,,,,,,3.19,,,,,8.69,,7.48,,8.01,,,,,,9.12,7.46,,,,,8.8,,8.3,,,,,,,,,,,,9.19,,,,,,8.81,,,,,,,,,,,,,,,,,,,,,,,,,,,,,,,,7.56,,,,,,,9.28,,9.17,7.22,,,,,,,8.46,,7.95,,,7.9,,9.03,,,,,,,,,,9.23,8.29,,,,9.4,8.31,9.38,,,4.22,,9.23,,6.72,,,,8.72,,,6.16,,,,,,,,,5.69,,,9.22,8.53,,,,,9.18,,,7.35,,,,9.1,,,7.74,,,8.88,8.48,,,7.74,,,
20180324,8.85,2.57,,,,8.08,,8.61,,4.12,,,5.39,,,6.87,,8.95,,,,,3.3,,,,,,,7.48,,8.01,,,,,,9.12,7.46,,,,,8.8,,8.3,,,,,,,,,,,,9.19,,,,,,8.81,,,,,,,,,,,,,,,,,,,,,,,,,,,,,,,,7.56,,,,,,,9.28,,9.17,7.21,,,,,,,8.46,,,,,7.9,,9.04,,,,,,,,,,9.18,8.29,,,,9.4,8.32,9.38,,,4.25,,9.23,,6.71,,,,8.74,,,6.16,,,,,,,,,5.68,,8.37,9.22,8.65,,,,,9.18,,,7.35,,,,9.1,,,7.64,,,8.88,8.46,,,7.75,,,
20180325,8.85,2.59,,,,8.08,,8.61,,4.03,,,5.39,,,6.84,,8.95,,,,,3.39,,,,,,,7.48,,8.01,,,,,,9.12,7.46,,,,,8.8,,8.3,,,,,,,,,,,,9.19,,,,,,8.8,,,,,,,,,,,,,,,,,,,,,,,,,,,,,,,,7.56,,,,,,,9.28,,9.17,7.2,,,,,,,8.45,,,,,7.9,,9.0,,,,,,,,,,9.19,8.29,,,,,8.32,9.38,,,4.26,,,,6.71,,,,8.74,,,6.16,,,8.12,,,,,,5.71,,8.37,9.22,8.74,,,,,9.18,9.29,,7.34,,,,9.1,,,7.5,,,8.88,8.47,,,7.75,,,
20180326,8.85,2.6,,,,8.09,,8.59,,4.01,,,5.39,,,6.83,,8.95,,,,,3.48,,,,,,,7.48,,,,,,,,9.13,,,,,,8.79,,8.3,8.47,,,,,,,,,,,9.19,,,,,6.23,8.8,,,,,8.2,,,,,,,,,,,,,,,,,,,,,,,,,,,7.56,,,,,,,9.28,,9.17,7.2,,9.37,,,,,8.45,8.9,,,,7.9,,8.98,,,,,,,,,,9.19,,,,,,8.32,9.38,,,4.27,,,,6.7,,,,8.74,,,6.16,,,8.12,,,9.27,,,5.69,,8.37,9.22,8.75,,,,,9.18,9.29,,7.34,,,,,,,7.45,7.94,,8.88,8.46,,,7.74,,,
20180327,8.85,2.6,,,,8.09,,8.58,,4.01,,,,,,6.8,,,,,,,3.52,,,,,,,7.47,,,,,,,,9.13,,,,,,8.79,,8.3,8.47,,,,,,,,,,,9.19,,,,,6.23,8.8,,,,,8.2,,,,,,,,,,,,,,,,,,,,,,,,,,,7.56,,,9.02,,,,9.28,,9.17,7.17,,9.37,,,,,8.44,8.94,,,,7.9,,8.97,,,,,,,,,,9.17,,,,,,8.32,9.38,,,4.26,,,,6.7,,,,8.74,,,6.16,,,8.12,,,,,,5.69,,8.37,9.22,8.8,,,,,9.18,9.29,,7.34,,,,9.1,,,7.43,7.94,,8.88,8.47,,,7.75,,,
20180328,8.85,2.61,,,,8.09,5.95,,,4.0,7.66,,,,,6.72,,,,,,,3.53,,,,,,,7.46,,,,,,,,,,,,,,8.78,,,8.46,,,,,,,,,,,9.19,,8.8,,,,8.8,,,,,8.2,,,,,,,,,,,,,,,,,,,,,,,,,,,7.56,,,9.02,,,,9.28,,9.17,7.16,,9.37,,,,,8.44,8.97,,,,7.89,,8.97,,,,,,,,5.06,,,,,,,,8.31,9.38,,,4.23,,,,6.7,,,,8.73,,,6.16,,,8.12,,,,,,5.7,8.53,,9.22,8.81,,,,,9.18,9.29,,7.31,,,,9.1,,,7.38,7.94,,8.88,8.47,,,7.76,,,
20180329,8.85,2.61,,,,8.09,6.38,,,3.98,7.57,,,,,,,,,,,,3.53,,,,,,,7.45,,,,,,,,,,,,,,8.76,,,8.46,,,,,,,,,,,9.19,,8.81,,,,8.8,,,,,8.2,,,,,,,,,,,,,,,,,,,,,,,,,,,7.56,,,9.02,,,,9.28,,9.17,7.15,,9.37,,,,,8.44,8.94,,,,7.89,,8.97,,,,,,,,5.06,,,,,,,,8.31,9.38,,,,,,,,,,,8.74,,,6.16,,,8.12,,,,,,5.66,8.53,,9.22,7.41,,,,,9.18,9.29,,7.27,,,,9.1,,,7.35,7.94,,8.88,8.49,,,7.76,,,
20180330,8.85,2.61,,,,8.09,6.51,8.59,,3.96,7.49,,,,,6.68,,,,,,,3.55,,,,,,,7.45,,,,,,,,,,,,,,8.76,,,8.46,,,,,,,,,,,9.19,,8.83,,,,8.8,,,,,8.2,,,,,,,,,,,,,,,,,,,,,,,,,,,7.56,,,9.02,9.06,,,9.28,,9.17,7.14,,9.37,,,,,8.43,8.97,,,,,,8.96,,,,8.8,,,,5.06,,,,,,,9.4,8.31,9.38,,,,,,,,,,,8.74,,,6.16,,,8.12,,,,,,5.57,8.53,,9.22,6.35,,,,,9.18,,,7.26,7.33,,,9.1,8.31,,7.33,7.93,,8.88,8.5,,,7.76,,,
20180331,8.85,2.62,,,,8.09,6.36,8.59,,3.94,7.41,,,,,,,,,,,,3.59,,,,,,,7.45,,,,,,,,,,,,,,8.76,,,8.46,,,,,,,,,,,9.19,,8.84,,,,8.8,,,,,8.2,,,,,,,,,,,,,,,,,,,,,,,,,,,7.56,,,9.02,9.06,,,9.28,,9.17,7.14,,9.37,,,,,8.43,9.01,,,,7.89,,8.94,,,,8.8,,,,5.06,,,,,,,9.4,8.32,9.38,,,,,,,,,,,8.75,,,6.17,,,8.12,,,,,,5.53,8.53,,9.22,6.4,,,,,9.18,,,7.24,7.33,,,9.1,8.31,,7.33,7.93,,8.89,8.5,,,7.76,,,
20180401,8.84,2.62,,,,8.08,6.2,8.59,,3.93,7.31,,,,,6.66,,,,,,,3.58,,,,,,,7.45,,,,,,,,,,,,,,8.76,,,8.46,,,,,,,,,,,9.19,,8.84,,,,8.8,,,,,8.2,,,,,,,,,,,,,,,,,,,,,,,,,,,7.56,,,9.02,9.06,,,9.28,,9.17,7.13,,9.37,,,,,8.43,9.03,,,,7.89,,8.93,,,,8.8,,,,5.05,,,,,,,9.4,8.32,9.38,,,,,,,,,,,8.76,,,6.17,,,8.12,,,,,,5.47,8.53,,9.22,6.5,,,,,9.18,,,7.23,7.33,,,,8.31,,7.31,7.93,,8.89,8.5,,,7.76,,,
20180402,8.84,2.62,,,,8.08,6.17,8.59,,3.95,7.27,,,,,6.66,,,,,,,3.58,,,,,,,7.44,,,,,,,,,,,,,,8.76,,,8.46,,,,,,,,,,,9.19,,8.83,,,,8.8,,,,,8.2,,,,,,,,,,,,,,,,,,,,6.25,,,,,,,7.56,,,9.02,9.05,,,9.28,,,7.13,,9.37,,,,,8.43,9.02,,,,7.89,,8.94,,,,8.8,,,,5.05,,,,,,,9.4,8.32,9.38,,,,,,,,,,,8.77,,6.17,,,,8.12,,,,,,5.45,8.53,,,6.57,,,,,,,,7.23,7.33,,,,8.3,,7.29,7.93,,8.89,8.49,,,7.76,,,
20180403,8.84,2.61,,,,8.09,6.11,8.53,,3.94,7.23,,,,8.92,6.65,,,,,,,3.59,,,,,,,7.44,,,,,,,,9.13,,,,,,8.76,,,8.46,,,,,,,,,,,9.19,,8.81,,,,8.8,,,,,8.2,,,,,,,,,,,,,,,,,,,,6.25,,,,,,,7.56,,,9.02,9.04,,,9.28,,,7.13,,9.37,,,,,8.43,9.03,,,,7.89,,8.94,,,,8.8,,,,5.05,,,,,,,9.4,8.32,9.38,,,,,,,,,,,8.76,,6.18,,,,8.12,,,,,,5.43,8.53,,9.22,6.61,,,,,,,,7.23,7.33,,,,8.3,,7.28,7.93,,8.89,8.49,,,7.76,,,
20180404,8.85,2.62,,,,8.09,6.08,8.5,,3.93,7.17,,,,8.92,6.65,,,,,,,3.6,,,,,,,7.44,,,,,,,,,,,,,,8.76,,,8.46,,,,,,,,,,,9.19,,8.79,,,,8.79,,,,,8.2,,,,,,,,,,,,,,,,,,,,,,,,,,,7.56,,,9.02,9.04,,,9.28,,,7.13,,9.37,,,,,8.43,9.03,,,,,,8.94,,,,8.8,,,,5.05,,,,,,,9.4,8.32,9.38,,,,,,,,,,,8.77,,6.18,,,,8.12,,,,,,5.41,8.53,,9.22,6.69,,,,,9.18,,,7.23,7.34,,,,8.3,,7.26,7.93,,8.89,8.49,,,7.7,,,
20180405,8.83,2.62,,,,8.09,6.06,8.49,,3.92,7.14,,,,8.92,,,,,,,,3.62,,,,,,,7.44,,,,,,,,,,,,,,8.75,,,8.47,,,,,,,,,,,9.19,,8.78,,,,8.79,,,,,8.2,,,,,,,,,,,,,,,,,7.94,,,,,,,,,,7.56,,,9.02,9.04,,,9.28,,,7.13,,,,,,,8.43,9.04,,,,,,8.94,,,,8.81,,,,5.05,,,,,,,9.41,8.32,9.38,,,,,,,,,,,8.76,,,,,,,,,,,,,8.53,,9.22,6.75,,,,,9.18,,,,7.34,,,,8.3,,7.26,7.93,,8.89,8.5,,,,,,
20180406,8.83,2.62,,,,8.08,6.05,8.47,,3.92,7.09,,,,8.92,,,,,,,,3.64,,,,,,,7.44,,,,,,,,,,,,,,8.75,,,8.47,,,,,,,,,,,9.19,,8.77,,9.24,,8.78,,,,,8.2,,8.71,,,,,,,,,,,,,,,7.69,,,,,,,,,,7.56,,,9.02,9.04,,,9.28,,,7.13,,,,,,,8.43,9.05,,,,,,8.94,,,,8.81,,,,5.04,,,,,,,9.41,8.32,9.38,,,,,,,,,,,8.76,,,,,,,,,,,,,8.53,,9.22,6.78,,,,,9.18,,,,7.34,,,,8.31,,7.26,7.93,,8.89,8.51,,,,,,
20180407,8.83,2.63,,,,8.08,6.03,8.45,,3.92,7.04,,,,8.92,,,,,,,,3.7,,,,,,,7.44,,,,,,,,,,,,,,8.76,9.55,,8.47,,,,,,,,,,,9.19,,8.75,,9.24,,8.78,,,,,8.2,,8.71,,,,,,,,,,,,,,,7.06,,,,,,,,,,7.56,,,9.02,9.04,,,9.28,,,7.13,,,,,,,8.43,9.07,,,,7.89,,8.93,,,,8.81,,,,5.04,,,,,,,,8.32,9.38,,,,,,,,,,,8.76,,,,,,,,,,,,,8.53,,9.22,6.83,,,,,9.18,,,,7.34,,,,8.31,,7.26,7.93,,8.89,8.51,,,,,,
20180408,8.83,2.63,,,,8.08,5.99,8.43,,3.9,6.96,,,,8.92,6.64,,,,,,,3.7,,,,,,,7.43,,,,,,,,,,,,,,8.76,9.58,,8.47,,,,,,,,,,,9.19,,8.73,,9.24,,8.78,,,,,8.2,,8.71,,,,,,,,,,,6.83,,,,6.72,,,,,,,,,,7.56,,,9.02,9.04,,,9.28,,,7.13,,,,,,,8.43,9.07,,,,,,8.93,,,,8.81,,,,5.04,,,,,,,,8.32,9.38,,,,,,,,,,,8.77,,,,,,,,,,,,,8.53,,9.23,6.88,,,,,9.18,,,,7.34,,,,8.3,8.5,7.25,7.93,,8.89,8.52,,,,,,
20180409,8.83,2.63,,,,8.08,5.96,8.44,,3.9,6.91,,,,8.92,6.64,,8.93,,,,,3.71,,,,,,,7.43,9.17,,,,,,,,,,,,,8.74,9.6,,8.47,,,,,,,,,,,9.19,,8.71,,9.24,,8.77,,,,,8.2,,8.71,,,,,,,,,,,6.92,,,,6.74,,,,,,,,,9.25,7.56,,,9.02,9.04,,,9.28,,,7.12,,,,,,,8.43,9.08,,,,,,8.92,,,,8.81,,,,5.04,,,,,,,,,9.38,,,,,,,,,,,8.77,,,,,,,,,,,,5.4,8.53,,,6.9,,,,,,,9.06,,7.34,,,,8.3,8.48,7.25,7.93,,,8.51,,,,,,
20180410,8.82,2.64,,,,8.08,5.96,8.44,,3.9,6.88,,,,8.92,6.64,,8.93,,,,,,,,,,,,7.43,,,,,,,,,,,,,,8.74,9.61,,8.47,,,,,,,,,,,9.19,,8.7,,9.24,,8.77,,,,,8.2,,8.71,,,,,,,,,,,7.03,,,,6.86,,,,,,,,,9.25,7.56,,,9.02,9.04,,,9.28,,,7.12,,,,9.22,,,8.42,9.08,,,,,,8.93,,,,8.81,,,,5.04,,,,,,,,,9.38,,,,,,,,,,,8.77,,,,,,,,,,,,,8.53,,,6.92,,,,,9.18,,9.06,,7.34,,,,8.31,8.49,7.25,7.93,,,8.51,,,,,,
20180411,8.74,2.64,,,,,5.9,8.44,,3.89,6.88,,,,,6.63,,8.93,,,,,,,,,,,,7.43,,,,,,,,,,,,,,8.74,9.6,,8.48,,,,,,,,,,,9.19,,8.69,8.52,9.24,,8.77,,,,,8.2,,,,,,,,,,,,,7.12,,,,6.79,,,,,,,,,9.25,7.56,,,9.02,9.04,,,9.28,,,7.12,,,,,,,8.42,9.09,,,,,,8.93,,,,8.81,,,,,,,,,,,,,9.38,,,,,,,,,,,8.77,,,,,,,,,,,,5.38,8.53,,,6.97,,,,,9.18,,9.06,,7.35,,,,8.3,8.49,7.24,7.93,,,8.49,,,,,,
20180412,8.68,2.64,,,,,5.76,8.43,,,6.86,,,,8.92,,,,,8.6,,,,,,,,,,7.43,,,,,,,,,,,,,,8.74,9.6,,8.48,,,,,,,8.82,8.4,,,9.19,,8.68,8.52,9.24,,8.77,,,,,8.21,,,,,,,,,,,,,7.19,,,,6.7,,,,,,,,,9.25,7.56,,,9.02,9.04,,,9.28,,,7.1,,,,,,,8.42,9.09,,,,,,8.93,,,,8.81,,,,,,,,,,,,,9.38,,,,,,,,,,,8.77,,,,,,,,,,,,5.38,8.53,,9.23,6.98,8.19,,,,9.18,,9.06,,7.35,,,,8.3,8.5,7.24,7.93,,,8.5,,,,,,
20180413,8.65,2.65,,,,,5.69,8.43,,,6.86,,,,8.92,,,,,8.96,,,,,,,,,,7.43,,,,,,,,,,,,,,8.74,9.6,,8.48,,,,,,,8.82,8.49,,,9.19,,8.68,8.51,9.24,,8.76,,,,,8.21,,,,,,,,,,,,,7.23,,,,6.65,,,,,,,,,9.25,7.56,,,9.02,9.04,,,9.28,,,7.1,,,,,,8.64,8.42,9.09,,,,,7.17,8.93,,,,8.81,,,,,,,,,,,,,9.38,,,,,,,,,,,8.77,,,,,,,,,,,,,8.53,,9.23,7.0,8.69,,,,9.18,,9.06,,7.35,,,,8.3,8.49,7.24,7.93,,,8.5,,,,,,
20180414,8.6,2.65,,,,,5.62,8.43,,,6.84,,,,8.92,6.63,,,,9.11,,,,,,,,,,7.43,,,,,,,,,,,,,,8.74,9.61,,8.48,,,,,,,8.82,8.63,,,9.19,,8.66,8.49,9.24,,8.76,,,,,8.21,,,,,,,,,,,,,7.28,,,,6.6,,,,,,,,,9.25,7.56,,,9.02,9.04,,,9.28,,,7.07,,,,,,8.64,8.42,9.09,,,,,7.17,8.93,,,,8.81,,,,,,,,,,,,,9.38,,,,,,,,,,,8.77,,,,,,,,,,,,,8.53,,9.23,7.02,8.51,,,,9.18,,9.06,,7.34,,,,8.3,8.46,7.24,7.93,,,8.51,,,,,,
20180415,8.6,2.65,,,,,5.58,8.43,,,6.83,,,,8.92,6.63,,,,9.19,,,,,,,,,,7.42,,,,,,,,,,,,,,8.74,9.6,,8.48,,,,,,,8.83,8.65,,,9.19,,8.66,8.52,9.24,,8.76,,,,,8.21,,,7.22,,,,,,,,,,7.34,,,,6.56,,,,,,,,,9.25,7.56,,,9.02,9.04,,,9.28,,,7.06,,,,,,8.64,8.42,9.09,,,,,7.17,8.93,,,,8.81,,,,,,,,,,,,,9.38,,,,,,,,,,,8.77,,,,,,,,,,,,,8.53,,9.23,7.03,8.46,,9.18,,,,9.06,,7.33,,,,8.3,8.45,7.24,7.93,,,8.52,,,,,,
20180416,8.58,2.65,,,,,5.56,8.43,,,6.81,,,,8.92,6.63,,,,9.21,,,,,,,,,,7.42,,,,,,,,,,,,,,8.73,9.59,,8.48,,,,,,,8.83,8.64,,,9.19,8.77,8.65,8.54,9.24,,8.76,,,,,8.21,,,7.1,,,,,,,,,,7.37,,,,6.53,,,,,,,,,9.25,7.56,,,9.02,9.04,,,9.28,,,7.06,,,,,,8.64,8.42,9.1,,,,,7.17,8.93,,,,8.81,,,,,,,,,,,,,9.38,,,,,,,,,,,8.77,,,,,,,,,,,,,8.53,,9.23,7.05,8.42,,9.18,,,,9.06,,7.33,,,,8.31,8.45,7.24,7.93,,,8.53,,,,,,
20180417,8.57,,,,,,,8.42,,,6.81,,,,8.92,,,,,9.21,,,,,,,,,,7.42,,,,,,,,,,,,7.9,,8.73,9.57,,8.48,,,,,,,8.83,8.6,,,9.19,8.75,8.65,8.55,9.24,,8.76,,,,,8.21,,,6.96,,,,,8.15,,,,,7.39,,,,,,,,,8.54,,,,9.25,7.56,,,9.02,9.04,9.18,,9.28,,,7.06,,,,,,8.64,8.42,9.06,,,,,7.17,8.93,,,,8.81,,,,,,,,,,,,,9.38,,,,,,,,8.54,,,8.77,,,,,,,,,,,,,,,9.23,7.07,8.37,,9.18,,,,9.06,,7.33,,,,8.31,8.45,7.24,7.93,,,8.52,,,,,,
20180418,8.53,,,,,,,8.43,,,6.81,,,,,6.63,,,,9.2,,,,,,,,,,7.42,,,,,,,,,,,,7.9,,8.73,9.57,,8.48,,,,,,,8.83,8.59,,,9.19,8.75,8.65,8.56,9.24,,8.76,,,,,8.22,,,6.96,,,,,8.15,,,,,7.42,,,,6.48,,,,,8.54,,,,9.25,7.56,,,9.02,9.04,9.19,,9.28,,,7.06,,,,,,,8.42,9.06,,,,,7.17,8.93,,,9.35,8.81,,,,,,,,,,,,,9.38,,,,,,,,8.54,,,8.77,,,,,,,,,,,,,,,,7.08,8.36,,9.18,,,,9.06,,7.33,,,,8.3,8.46,7.22,7.93,,,8.53,,,,,,
20180419,8.5,,,,,,,8.43,,,,,,,,,,,,9.2,,7.89,,,,,,,,,9.18,,,,,,,,,,,7.9,,8.73,9.57,,8.48,,,,,,,8.83,8.56,,,9.19,8.75,8.65,8.57,9.23,,8.76,,,,,,,,,,,,,8.15,,,,,7.46,8.54,,,,,,,,8.54,,,,,7.56,,,9.02,9.04,9.19,8.21,9.28,,9.17,7.05,,,,,,,8.42,9.03,,,,,,8.93,,,9.35,8.82,,7.93,,,,,,,,,,,9.38,,,,,,,,8.54,,,8.77,9.33,,,,,,,,,,,,,,9.23,7.1,8.35,,9.18,,,,9.06,,7.33,,,,8.3,8.44,7.16,7.93,,,8.53,,,,,,
20180420,8.51,,,,,,,8.43,,,,,,,,,,,8.93,9.18,8.5,,,8.96,,,,,,,9.18,,,,,,,,,,,7.9,,8.74,9.57,,8.48,,9.2,,,,,8.83,8.54,8.53,,9.19,,8.65,8.58,9.23,,8.76,,,,,,,,,,,,,8.15,,,,,,8.54,,,,,,,,8.54,,,,,,,,9.02,9.04,9.19,8.21,9.28,,9.17,,,,,,,,8.42,9.04,,,,,,8.93,,,9.35,8.82,,7.93,,,,,,,,,9.4,,9.38,,,,,,,,8.54,,,8.77,9.33,,,,,,,,,,8.41,,,,9.23,,8.33,,9.18,,,,9.06,,,,,,8.3,8.44,,7.93,,,8.54,,9.22,,,,
20180421,8.49,,,,,,,8.43,,,,,,,,,,,8.93,9.17,8.5,7.89,,8.96,,,,,,,9.18,,,,,,,,,,,7.9,,,9.57,,8.48,,9.2,,,,,8.83,8.54,8.53,,9.19,,8.64,8.59,9.23,,8.76,,,,,,,,,,,,,,,,,,,8.54,,,,,,,,8.54,,,,9.25,7.57,,,9.02,9.04,,8.21,,,9.17,,,,,,,,8.41,9.01,,,,,,8.93,,,9.35,8.82,,7.93,,,,,,,,,9.4,,9.38,,,,,,,,8.54,,,8.77,9.33,,,,,,,,,7.56,8.41,,,,9.23,,8.31,,9.18,,,,9.06,,,,,,8.3,8.45,,7.93,,,8.54,,9.22,,,,
20180422,8.47,,,,,,,8.43,,,,,,,,,,,8.93,9.17,8.5,,,8.96,,,,,,,,,,,7.07,,,,,,,,,,9.57,,,,9.2,,,,,8.83,8.54,8.53,,9.19,,8.64,8.59,9.23,,8.76,,,,,,,,,,,,,,,,,,7.55,,,,,,,,,8.54,,,,9.25,7.57,,,9.02,9.04,,,,,9.17,7.04,,,,,,,8.41,9.0,,,,,,8.92,,,9.35,8.82,,7.93,,,,,,,,,9.4,,9.38,,,,,,,,8.54,,,8.77,9.33,,,,,,,,,7.56,8.41,,,,9.23,7.15,8.27,,9.18,,,,9.06,,7.34,,,,8.3,8.46,7.03,7.94,,,8.52,,9.22,,,,
20180423,8.44,2.65,,,,,5.46,8.41,,,6.8,,,,,,,,,9.17,8.5,,,,,,,,6.98,,,,,,,,,,,,,,,,9.57,,,,,,,,,8.83,8.52,,,9.19,,8.64,8.59,9.23,,8.76,,,,,,,,6.93,,,,,,,,,,7.59,,,,6.43,,,,,8.54,,,,9.25,7.57,,,9.02,9.05,,,,,,7.03,,,,9.22,,,,8.99,,,,,,8.92,,,9.35,8.82,,,,,,,,,,,9.4,,9.38,,,,,,,,8.54,,,8.77,9.33,,,,,,,,,,,,,,9.23,7.16,8.24,,,,,,9.06,,7.34,,,,8.3,8.46,7.01,,,,8.53,,,,,,
20180424,8.41,2.66,,,,,5.45,8.4,,,6.81,,,,,,,,,9.17,8.5,,,,,,,,6.91,,,,,,,,,,,,,,,,9.56,,,,,,,8.08,,8.83,8.52,,,9.19,,8.64,8.59,9.23,,8.76,,,,,,,,6.64,,,,,,,,,,7.6,,,,6.43,,,,,8.54,,,,9.25,7.57,,,9.02,9.05,,,,,,7.03,,,,,,,8.41,8.98,,,,,,8.92,,,9.35,8.82,,,,,,,,,,,9.4,,9.38,,,,,,,,8.54,,,8.76,9.33,,,,,,8.77,,,,,,,,,7.17,8.22,,,,,,9.06,,7.34,,,,8.3,8.46,6.98,,,,8.53,,,,,,
20180425,8.4,2.66,,,,,5.45,8.41,,,6.81,,,,,,,,,9.15,,,,,,,,,6.91,,,,,,,,,,,,,,,,9.56,,,,,,,8.08,,8.83,8.5,,,9.19,,8.64,8.59,9.23,,8.75,,,,,,8.91,,6.51,,,,,,,,,,7.61,,,,6.41,,,,,8.54,,,,9.25,7.57,,,9.02,9.05,,,,,,7.03,,,,,,,8.41,8.98,,,,,,8.92,,,,8.82,9.17,,,,,,,,,,9.4,,9.38,,,,,,,,8.54,,,8.75,9.33,,,,,,8.77,,,,,,,,,7.18,8.21,,,,,,,,7.34,,,,8.3,8.46,,,,,8.52,,,,,,
20180426,8.4,,,,8.53,,,8.4,,,6.81,,,,,,,,,9.13,,,,,,,9.23,,6.93,,9.18,,,,,8.35,,,,,,,8.02,,9.55,,,,,,,8.08,,8.83,8.49,,,9.19,,8.63,8.59,9.23,,8.75,,,,,,8.91,,,,,,,,,,,,7.62,,,,,9.08,,,,8.54,,,,9.25,7.57,,,9.02,9.05,,,,,,7.03,,,,,,,8.41,8.97,,,,,,8.92,,8.83,,8.83,9.18,,,,,,,,9.21,,9.4,,9.38,,,,8.58,,,,8.54,,,8.74,9.33,,,,,,8.77,,,,,,,,,7.19,8.21,,,9.32,,,,,7.33,,,,8.3,8.46,,,,,8.53,,,,8.01,,
20180427,8.39,,,,8.53,,,8.4,,,6.81,,,,,,,,,9.1,,,,,,,9.23,,6.92,,9.18,,,,,8.35,,,,,,,8.02,,9.54,,,,,,,8.08,,8.83,8.49,,,9.19,,8.63,8.59,9.23,,8.76,,,,,,8.91,,,,,,,,,,,,7.63,,,,,9.08,,,,8.54,,,,9.25,7.57,,,9.02,9.05,,,,,,7.03,,,,,,,8.41,8.96,,,,,,8.92,,8.83,,8.83,9.16,,,,,,,,9.21,,9.4,,9.38,,,,8.58,,,,8.54,,,8.74,9.33,,,,,,8.77,,,,,,,,,7.2,8.21,,,9.32,,,,,7.33,,,,8.3,8.46,,,,,8.53,,,,8.01,,
20180428,8.39,,,,8.53,,,8.41,,,6.81,,,,,,6.49,,,9.09,,,,,,,9.23,,6.94,,9.18,,,,,8.35,,,,,,,8.02,8.73,9.52,,,,,,,8.08,,8.83,8.49,,,9.19,,8.63,8.59,9.23,,8.76,,,,,,,,,,,,,,,,,,7.64,,,,6.4,9.08,,,,,,,,9.25,7.57,,,9.02,9.05,,,,,,7.03,,,,,,,8.41,8.96,,,,,,8.92,,8.83,,8.83,9.11,,,,,,,,9.21,,9.39,,9.38,,,,8.58,,,,8.54,,,8.74,9.33,,,,,,,,,,,,,,,7.21,8.21,,,9.32,,,,,7.33,,,,8.3,8.46,,,,,8.53,,,,8.01,,
20180429,8.38,,,,8.53,,,8.41,,,6.81,,,,,,6.49,,,9.08,,,,,,,9.23,,6.95,,9.18,,,,,8.35,,,,,,,8.02,8.73,9.5,,,,,,,8.08,,8.83,8.49,,,9.19,,8.63,8.59,9.23,,8.76,,,,,,,,,,,,,,,,,,7.65,,,,6.4,9.08,,,,,,,,9.25,7.57,,,9.02,9.05,,,,,,7.03,,,,,,,8.41,8.95,,,,,,8.92,,8.83,,8.83,9.07,,,,,,,,9.21,,9.4,,9.38,,,,8.58,,,,8.54,,,8.74,9.33,,,,,,,,,,,,,,,7.23,8.21,,,9.32,,,,,7.33,,,,8.3,8.46,,,,,8.53,,,,8.01,,
20180430,8.37,,,,8.53,,,8.41,,,6.77,,,,,,,,,9.08,,,,,,,9.23,,6.95,,9.18,,,,,8.35,,,,9.53,,,8.02,,9.5,,,,,,,8.08,,8.83,8.49,,,9.19,,8.63,8.6,,,8.76,,,,,,,,,,,,,,,,,,7.65,,8.9,,,9.08,,,,,,,,9.25,7.57,,,9.02,9.05,,,,9.18,,7.03,,,6.98,,,,8.41,8.94,,,,,,8.92,,8.83,,8.83,9.05,,,,,,,,9.21,,9.4,,9.38,,,,8.58,,,,8.54,,,8.74,9.33,,,,,,,,,,,,,,,7.24,8.21,,,9.31,,,,,7.33,,,,8.31,8.46,,,,,8.53,,,,8.01,,
20180501,8.35,,,,8.53,,,8.41,,,6.7,,,,,,6.49,,,9.07,,,,,,,9.23,,6.95,,9.18,,,,,8.35,,,,9.53,,,8.02,,9.5,,,,,,,8.08,,8.83,8.49,,,,,8.63,8.59,,,8.75,,,,,,,,,,,,,,,,,,7.66,,8.9,,,9.07,,,,,,,,,7.57,,,9.02,9.05,,,,9.18,,7.03,,,6.91,,,,8.41,8.95,,,,,,8.92,,8.83,,8.83,9.03,,,,,,,,9.21,,9.4,,9.38,,,,8.58,,,,8.54,,,8.73,9.33,,,,,,,6.86,,,,,,,,7.25,8.2,,,9.31,,,,,7.33,,,,8.31,8.46,,,,,8.53,,,,8.01,,
20180502,8.33,,,,8.53,,,8.41,,,6.68,,,,,,6.49,,,9.06,,,,,,,9.23,,6.96,,9.18,,,,,8.35,,,,9.57,,,8.02,,9.51,,,,,,,8.08,,8.83,8.48,,,,,8.63,8.59,,,,,,,,,,,,,,,,,,,,,7.66,,8.9,,6.4,9.07,,,,,,,,,7.57,,,9.02,9.05,,,,9.18,,7.02,,,6.93,,,,8.41,8.94,,,,,,8.92,,8.83,,8.83,9.02,,,,,,,,9.21,,9.4,,9.38,,,,8.58,,,,8.54,,,8.73,9.33,,,,,,,6.91,,,,,,,,7.27,8.2,,,9.31,,,,,7.33,,,,8.31,8.47,,,,,8.54,,,,8.01,,
20180503,8.31,,,,8.53,,,8.41,,,6.67,,,,,,6.49,,,9.05,,,,,,,9.23,,6.97,,9.18,,,,,8.35,,,,9.57,,,8.02,,9.51,,,,,,,8.08,,8.83,8.47,,,,,8.63,8.59,,,,,,,,,,,,,,,,,,,,,7.67,,8.9,,6.4,9.07,5.66,,,,,,,,7.56,,,,9.05,,,,9.18,,,,,6.95,9.22,,,8.41,8.94,,,,,,8.92,,8.83,,8.83,9.02,,,,,,,,9.21,,9.4,,9.38,,,,8.58,,,,8.54,,,8.73,9.33,,,,,,,6.77,,,,,,,,7.29,8.2,,,9.31,,,,,7.33,,,,8.3,8.47,,,,,8.53,,,,8.01,,
20180504,8.31,,,,8.53,,,8.41,,,6.65,,,,,,6.49,,,9.05,,,,,,,9.23,,6.97,,9.18,,,,,8.35,,,,9.55,,,8.01,,9.51,,,,,,,8.08,,8.83,8.48,,,,,8.63,8.56,,,8.75,,,,,,,,,,,,,,,,,,7.69,,8.9,,,9.07,,,,,,,,,7.55,,,,9.05,,,,9.18,,,,,6.94,9.22,,,8.41,8.94,,,,,,8.92,,8.83,,8.83,9.02,,,,,,,7.12,9.21,,9.4,,9.38,,,,8.58,,,,8.54,,,8.73,9.33,,,,,,,6.65,,,,,,,,7.3,8.2,,,9.31,,,,,7.33,,,,8.3,8.47,,,,,8.53,,,,8.01,,
20180505,,,,,8.53,,,,,,6.63,,,,,,6.49,,,9.03,,,,,,,9.23,,6.97,,9.18,,,,,8.35,,,,9.58,,,8.01,,9.51,,,,,,,8.08,,8.83,8.47,,,,,8.63,8.55,,,8.75,,,,,,,,,,,,,,,,,,7.71,,8.9,,6.4,9.06,5.66,,,,,,,,7.54,,,,9.05,,,,9.18,,,,,6.89,9.22,,,8.41,8.93,,,,,,8.92,,8.83,,8.83,9.0,,,,,,,7.12,9.21,,9.4,,9.38,,,,8.58,,,,8.54,,,8.73,9.33,,,,,,,6.59,,,,,,,,7.31,8.19,,,9.31,,,,,7.33,,,,8.31,8.47,,,,,8.53,,,,8.01,,
